Gender,10th Mark,12th Mark,college mark,hobbies,daily studing time,prefer to study in,Do you like your degree?,willingness to pursue a career based on their degree  ,social medai & video,Travelling Time ,Stress Level ,Financial Status,part-time job
Male,40,65,30,Video Games,30 - 60 minute,Morning,Yes,25%,1.30 - 2 hour,30 - 60 minutes,Good,good,No
Male,70,63,3,Reading books,1 - 2 Hour,Morning,Yes,75%,1 - 1.30 hour,1 - 1.30 hour,Good,good,No
Male,61.6,61.67,75,Sports,1 - 2 Hour,Morning,Yes,50%,1 - 1.30 hour,1 - 1.30 hour,Good,good,No
Male,60,65,70,other,0 - 30 minute,Anytime,Yes,75%,30 - 60 Minute,30 - 60 minutes,Good,good,No
Male,89.5,69.7,70,Cinema,30 - 60 minute,Anytime,Yes,75%,1 - 30 Minute,30 - 60 minutes,Good,good,No
Male,83,76,75,Sports,1 - 2 Hour,Anytime,Yes,75%,1.30 - 2 hour,30 - 60 minutes,Good,good,Yes
Female,60,70,88,Cinema,30 - 60 minute,Anytime,Yes,100%,1 - 30 Minute,30 - 60 minutes,Good,good,No
Male,75,73.8,65,other,1 - 2 Hour,Morning,Yes,50%,1 - 1.30 hour,30 - 60 minutes,Good,good,No
Male,73,85,55,Sports,0 - 30 minute,Morning,Yes,100%,1 - 1.30 hour,30 - 60 minutes,Good,good,No
Male,60,65,65,Sports,0 - 30 minute,Morning,Yes,75%,30 - 60 Minute,1.30 - 2 hour,Good,good,No
Female,85,80,80,Sports,2 - 3 hour,Anytime,Yes,100%,1 - 1.30 hour,1 - 1.30 hour,Good,good,No
Female,70,55,70,Reading books,1 - 2 Hour,Night,Yes,75%,1.30 - 2 hour,30 - 60 minutes,Good,good,No
Female,72,80,79,Cinema,0 - 30 minute,Anytime,Yes,50%,More than 2 hour,0 - 30 minutes,Good,good,No
Male,70,70,70,Cinema,3 - 4 hour,Anytime,Yes,100%,1 - 30 Minute,0 - 30 minutes,Good,good,Yes
Male,70,75,70,Sports,0 - 30 minute,Anytime,Yes,75%,1 - 1.30 hour,30 - 60 minutes,Good,good,Yes
Male,75,75,75,Sports,30 - 60 minute,Anytime,Yes,75%,More than 2 hour,1.30 - 2 hour,Good,good,No
Male,73,72,1,Reading books,1 - 2 Hour,Night,Yes,75%,1 - 30 Minute,30 - 60 minutes,Good,good,No
Female,80,60,60,Sports,1 - 2 Hour,Morning,Yes,75%,1 - 1.30 hour,1 - 1.30 hour,Good,good,No
Female,93.6,85,93,Sports,1 - 2 Hour,Anytime,Yes,100%,1 - 30 Minute,0 - 30 minutes,Good,good,No
Female,88,81,80,Cinema,30 - 60 minute,Morning,Yes,75%,1 - 30 Minute,30 - 60 minutes,Good,good,No
Female,87,78,84,Cinema,30 - 60 minute,Morning,Yes,75%,30 - 60 Minute,30 - 60 minutes,Good,good,No
Male,95,90,90,Cinema,1 - 2 Hour,Morning,Yes,75%,More than 2 hour,1.30 - 2 hour,Good,good,Yes
Female,80,75,75,Reading books,2 - 3 hour,Morning,Yes,75%,1 - 30 Minute,1 - 1.30 hour,Good,good,No
Male,84,65,85,Cinema,1 - 2 Hour,Night,Yes,75%,30 - 60 Minute,2 - 2.30 hour,Good,good,No
Male,89,69,80,Video Games,3 - 4 hour,Morning,Yes,75%,1 - 1.30 hour,more than 3 hour,Good,good,Yes
Male,75,55,60,Sports,30 - 60 minute,Morning,Yes,75%,1 - 1.30 hour,0 - 30 minutes,Good,good,No
Female,93,66,85,Reading books,1 - 2 Hour,Anytime,Yes,100%,1 - 30 Minute,30 - 60 minutes,Good,good,No
Male,92,69,85,Cinema,1 - 2 Hour,Night,Yes,75%,1 - 1.30 hour,1 - 1.30 hour,Good,good,No
Female,75,70,70,Cinema,More Than 4 hour,Anytime,Yes,75%,More than 2 hour,30 - 60 minutes,Good,good,No
Female,75,64,74,Cinema,0 - 30 minute,Anytime,No,25%,More than 2 hour,0 - 30 minutes,Good,good,No
Male,86.5,65.3,79.5,Sports,0 - 30 minute,Morning,Yes,75%,More than 2 hour,1 - 1.30 hour,Good,good,No
Female,88.8,71,85,Cinema,3 - 4 hour,Morning,Yes,100%,1 - 1.30 hour,1 - 1.30 hour,Good,good,No
Male,85,61,75,Reading books,2 - 3 hour,Anytime,Yes,50%,30 - 60 Minute,30 - 60 minutes,Good,good,No
Male,76,70,7.5,Sports,1 - 2 Hour,Morning,No,50%,1 - 1.30 hour,30 - 60 minutes,Good,good,No
Male,91,73.3,85,Sports,30 - 60 minute,Morning,Yes,100%,30 - 60 Minute,0 - 30 minutes,Good,good,No
Male,80,60,80,Sports,2 - 3 hour,Night,Yes,75%,30 - 60 Minute,1 - 1.30 hour,Good,good,No
Male,85.8,63.66,80,Sports,0 - 30 minute,Anytime,Yes,75%,1.30 - 2 hour,0 - 30 minutes,Good,good,No
Male,80,70,60,Video Games,0 - 30 minute,Anytime,Yes,25%,1 - 30 Minute,0 - 30 minutes,Good,good,No
Female,95,75,85,Reading books,2 - 3 hour,Anytime,Yes,50%,1 - 1.30 hour,1.30 - 2 hour,Good,good,No
Female,95,85,86,Reading books,1 - 2 Hour,Night,Yes,50%,1.30 - 2 hour,30 - 60 minutes,Good,good,No
Male,77,70,60,Video Games,2 - 3 hour,Anytime,Yes,75%,30 - 60 Minute,2 - 2.30 hour,Good,good,No
Male,69,60,68,Video Games,0 - 30 minute,Night,Yes,100%,30 - 60 Minute,30 - 60 minutes,Good,good,No
Female,72,75,80,Reading books,2 - 3 hour,Night,Yes,75%,30 - 60 Minute,0 - 30 minutes,Good,good,Yes
Female,72.6,62.6,85,Cinema,0 - 30 minute,Night,Yes,100%,30 - 60 Minute,30 - 60 minutes,Good,good,No
Female,91,86,90,Cinema,30 - 60 minute,Morning,Yes,75%,1 - 1.30 hour,0 - 30 minutes,Good,good,No
Male,78,67,80,Cinema,3 - 4 hour,Anytime,Yes,100%,1 - 30 Minute,1 - 1.30 hour,Good,good,No
Male,75,57,55,Sports,0 - 30 minute,Morning,Yes,50%,1.30 - 2 hour,0 - 30 minutes,Good,good,No
Male,75,68,70,Sports,0 - 30 minute,Anytime,Yes,75%,1 - 1.30 hour,0 - 30 minutes,Good,good,No
Male,90,85,82,Cinema,1 - 2 Hour,Anytime,Yes,50%,1 - 30 Minute,30 - 60 minutes,Good,good,No
Female,84.2,64.8,84,Sports,30 - 60 minute,Anytime,Yes,75%,1 - 30 Minute,1.30 - 2 hour,Good,good,No
Male,91.4,65.5,82.96,Cinema,0 - 30 minute,Morning,Yes,75%,More than 2 hour,30 - 60 minutes,Good,good,No
Female,85,55,75,Video Games,2 - 3 hour,Anytime,Yes,75%,30 - 60 Minute,1 - 1.30 hour,Good,good,Yes
Female,80,60,60,Sports,30 - 60 minute,Anytime,Yes,75%,More than 2 hour,0 - 30 minutes,Good,good,No
Male,78,58,69,Sports,0 - 30 minute,Morning,No,0%,1.30 - 2 hour,30 - 60 minutes,Bad,Bad,No
Male,75,65,65,Sports,30 - 60 minute,Morning,Yes,50%,1 - 1.30 hour,0 - 30 minutes,Good,good,No
Female,80,88,80,other,2 - 3 hour,Anytime,Yes,100%,30 - 60 Minute,2 - 2.30 hour,Good,good,No
Male,61.8,68.3,66.3,Sports,2 - 3 hour,Morning,Yes,50%,30 - 60 Minute,1.30 - 2 hour,Good,good,No
Male,71,66,80,Video Games,30 - 60 minute,Morning,Yes,75%,1 - 1.30 hour,2 - 2.30 hour,Good,good,No
Male,75,70,70,Video Games,30 - 60 minute,Morning,Yes,75%,30 - 60 Minute,2.30 - 3 hour,Good,good,Yes
Male,75,75,80,Sports,30 - 60 minute,Anytime,Yes,75%,1 - 1.30 hour,1.30 - 2 hour,Good,good,No
Male,90,80,85,Cinema,3 - 4 hour,Anytime,Yes,75%,1.30 - 2 hour,more than 3 hour,Good,good,No
Male,81,64,85,Sports,1 - 2 Hour,Anytime,Yes,50%,1.30 - 2 hour,30 - 60 minutes,Good,good,No
Female,76,63,70,Sports,30 - 60 minute,Night,Yes,75%,1 - 1.30 hour,30 - 60 minutes,Good,good,Yes
Male,54,65,2,Cinema,0 - 30 minute,Anytime,Yes,100%,More than 2 hour,1 - 1.30 hour,Good,good,No
Male,56,57,67,Sports,30 - 60 minute,Night,Yes,75%,30 - 60 Minute,1 - 1.30 hour,Good,good,No
Male,67,70,60,Sports,More Than 4 hour,Anytime,Yes,100%,1 - 30 Minute,0 - 30 minutes,Good,good,No
Male,65,70,65,Video Games,30 - 60 minute,Night,Yes,75%,30 - 60 Minute,30 - 60 minutes,Good,good,No
Male,86,86,89,Video Games,30 - 60 minute,Anytime,Yes,50%,1 - 1.30 hour,1 - 1.30 hour,Good,good,No
Male,70,67,65,Video Games,1 - 2 Hour,Anytime,Yes,100%,1 - 30 Minute,0 - 30 minutes,Good,good,No
Male,67,54,86,Cinema,30 - 60 minute,Morning,Yes,100%,1 - 30 Minute,30 - 60 minutes,Good,good,No
Male,79,62,60,Cinema,1 - 2 Hour,Morning,Yes,75%,1 - 30 Minute,0 - 30 minutes,Good,good,No
Female,96,92,80,Cinema,3 - 4 hour,Morning,Yes,75%,1.30 - 2 hour,0 - 30 minutes,Good,good,No
Female,95.6,86,85,Cinema,1 - 2 Hour,Anytime,Yes,75%,30 - 60 Minute,0 - 30 minutes,Good,good,No
Male,60,60,60,Sports,2 - 3 hour,Night,Yes,50%,More than 2 hour,1 - 1.30 hour,Good,good,Yes
Male,75,65,75,Cinema,1 - 2 Hour,Morning,Yes,75%,1 - 1.30 hour,1 - 1.30 hour,Good,good,No
Female,90.4,80,80,Cinema,1 - 2 Hour,Anytime,Yes,75%,30 - 60 Minute,1 - 1.30 hour,Good,good,No
Female,93.8,83.5,100,Reading books,1 - 2 Hour,Morning,Yes,75%,1 - 1.30 hour,30 - 60 minutes,Good,good,Yes
Female,78,75,90,Sports,2 - 3 hour,Anytime,Yes,100%,30 - 60 Minute,0 - 30 minutes,Good,good,No
Female,75,85,90,Cinema,2 - 3 hour,Anytime,Yes,75%,30 - 60 Minute,30 - 60 minutes,Good,good,No
Male,88,85,90,Sports,30 - 60 minute,Morning,Yes,75%,1 - 30 Minute,30 - 60 minutes,Good,good,No
Female,83,73,75,Cinema,0 - 30 minute,Morning,Yes,75%,30 - 60 Minute,0 - 30 minutes,Good,good,No
Female,97,80,100,Reading books,3 - 4 hour,Morning,Yes,100%,30 - 60 Minute,0 - 30 minutes,Good,good,Yes
Female,80,89,95,Reading books,2 - 3 hour,Morning,Yes,100%,1 - 30 Minute,0 - 30 minutes,Good,good,No
Female,93,85,90,Reading books,1 - 2 Hour,Night,Yes,75%,30 - 60 Minute,30 - 60 minutes,Good,good,No
Male,75,75,65,Sports,1 - 2 Hour,Anytime,Yes,100%,1.30 - 2 hour,1 - 1.30 hour,Good,good,No
Male,72,70,76,Cinema,2 - 3 hour,Anytime,Yes,75%,30 - 60 Minute,30 - 60 minutes,Good,good,No
Female,85,75,70,Video Games,2 - 3 hour,Morning,Yes,50%,More than 2 hour,30 - 60 minutes,Good,good,No
Female,78,75,90,Video Games,3 - 4 hour,Night,Yes,50%,30 - 60 Minute,1 - 1.30 hour,Good,good,No
Female,75,85,90,Video Games,2 - 3 hour,Night,Yes,75%,More than 2 hour,0 - 30 minutes,Good,good,No
Female,85,74,75,Video Games,0 - 30 minute,Anytime,Yes,75%,1 - 30 Minute,30 - 60 minutes,Good,good,No
Male,88,85,90,Video Games,30 - 60 minute,Anytime,No,75%,30 - 60 Minute,0 - 30 minutes,Good,good,No
Female,83,73,75,other,1 - 2 Hour,Anytime,Yes,75%,30 - 60 Minute,2 - 2.30 hour,Good,good,No
Female,75,75,65,other,0 - 30 minute,Anytime,Yes,75%,30 - 60 Minute,1.30 - 2 hour,Good,good,No
Female,85,74,75,other,30 - 60 minute,Anytime,Yes,50%,1 - 1.30 hour,2 - 2.30 hour,Good,good,No
Male,66,65,60,Reading books,1 - 2 Hour,Morning,Yes,50%,30 - 60 Minute,30 - 60 minutes,fabulous,good,No
Male,85,60,60,Video Games,2 - 3 hour,Anytime,Yes,50%,1 - 30 Minute,30 - 60 minutes,fabulous,good,No
Male,65,75,97,Cinema,0 - 30 minute,Anytime,Yes,50%,1 - 1.30 hour,0 - 30 minutes,fabulous,good,Yes
Female,45,45,50,Sports,3 - 4 hour,Night,No,75%,30 - 60 Minute,30 - 60 minutes,fabulous,good,No
Female,45,45,50,other,3 - 4 hour,Night,No,75%,30 - 60 Minute,2.30 - 3 hour,fabulous,good,No
Male,65,75,97,other,0 - 30 minute,Anytime,Yes,50%,1 - 1.30 hour,0 - 30 minutes,fabulous,good,Yes
Female,45,45,50,other,3 - 4 hour,Night,No,75%,30 - 60 Minute,30 - 60 minutes,fabulous,good,No
Female,45,45,50,other,3 - 4 hour,Night,No,75%,30 - 60 Minute,2.30 - 3 hour,fabulous,good,No
Female,84,87,63,other,3 - 4 hour,Night,Yes,50%,1.30 - 2 hour,0 - 30 minutes,fabulous,good,Yes
Male,83,95,82,other,2 - 3 hour,Anytime,No,50%,More than 2 hour,2.30 - 3 hour,fabulous,good,No
Male,87,92,85,other,30 - 60 minute,Anytime,Yes,75%,1 - 1.30 hour,0 - 30 minutes,fabulous,good,No
Male,84,90,81,other,30 - 60 minute,Night,Yes,50%,1 - 1.30 hour,0 - 30 minutes,fabulous,good,Yes
Male,97,80,100,other,3 - 4 hour,Anytime,Yes,75%,30 - 60 Minute,30 - 60 minutes,fabulous,good,No
Female,70,59,58,Reading books,1 - 2 Hour,Anytime,No,50%,1.30 - 2 hour,0 - 30 minutes,Bad,good,No
Female,90,75,70,Cinema,30 - 60 minute,Night,Yes,50%,30 - 60 Minute,0 - 30 minutes,Bad,good,No
Female,59,54,80,Reading books,30 - 60 minute,Morning,Yes,75%,1 - 30 Minute,30 - 60 minutes,Bad,good,No
Female,78,60,60,Cinema,1 - 2 Hour,Anytime,Yes,75%,1 - 1.30 hour,1 - 1.30 hour,Bad,good,No
Male,60,50,50,Sports,30 - 60 minute,Morning,Yes,75%,30 - 60 Minute,30 - 60 minutes,Bad,good,Yes
Male,65,60,65,Video Games,30 - 60 minute,Anytime,Yes,75%,30 - 60 Minute,30 - 60 minutes,Bad,good,No
Female,54,51,66,Sports,30 - 60 minute,Morning,Yes,50%,1 - 30 Minute,1 - 1.30 hour,Bad,good,No
Female,64,88,70,Sports,1 - 2 Hour,Morning,Yes,25%,1 - 1.30 hour,0 - 30 minutes,Bad,good,No
Male,70,80,75,Reading books,More Than 4 hour,Anytime,Yes,100%,1.30 - 2 hour,30 - 60 minutes,Bad,good,No
Female,86,78,85,Reading books,1 - 2 Hour,Anytime,Yes,75%,1.30 - 2 hour,30 - 60 minutes,Bad,good,No
Male,70,60,70,Video Games,0 - 30 minute,Anytime,Yes,50%,More than 2 hour,30 - 60 minutes,Bad,good,No
Male,50,50,60,Reading books,30 - 60 minute,Night,Yes,75%,1 - 30 Minute,1 - 1.30 hour,Bad,good,No
Female,84,64,75,Sports,2 - 3 hour,Anytime,Yes,50%,1 - 1.30 hour,30 - 60 minutes,Bad,good,No
Male,89.8,63.3,73.3,Sports,0 - 30 minute,Anytime,Yes,50%,30 - 60 Minute,1 - 1.30 hour,Bad,good,No
Female,90.2,61.6,85,Video Games,1 - 2 Hour,Anytime,Yes,75%,More than 2 hour,0 - 30 minutes,Bad,good,No
Male,90,75,70,Sports,2 - 3 hour,Night,Yes,50%,1.30 - 2 hour,2 - 2.30 hour,Bad,good,No
Male,80,70,70,Cinema,3 - 4 hour,Night,No,100%,More than 2 hour,more than 3 hour,Bad,good,Yes
Female,94,69,85,Cinema,30 - 60 minute,Anytime,Yes,50%,30 - 60 Minute,2 - 2.30 hour,Bad,good,No
Male,69,54,50,Cinema,30 - 60 minute,Anytime,Yes,50%,30 - 60 Minute,30 - 60 minutes,Bad,good,No
Male,85,60,60,Sports,30 - 60 minute,Anytime,Yes,75%,1 - 1.30 hour,2 - 2.30 hour,Bad,good,No
Male,70,78,75,Cinema,0 - 30 minute,Anytime,Yes,75%,More than 2 hour,0 - 30 minutes,Bad,good,No
Male,80,60,68,Video Games,30 - 60 minute,Night,Yes,100%,1.30 - 2 hour,30 - 60 minutes,Bad,good,No
Male,84,55,70,Video Games,30 - 60 minute,Anytime,Yes,75%,30 - 60 Minute,30 - 60 minutes,Bad,good,No
Male,80,60,65,Sports,1 - 2 Hour,Night,Yes,50%,30 - 60 Minute,30 - 60 minutes,Bad,good,No
Male,91,83.5,80,Video Games,1 - 2 Hour,Night,Yes,50%,30 - 60 Minute,2 - 2.30 hour,Bad,good,No
Female,92,75,90,Cinema,3 - 4 hour,Anytime,Yes,100%,More than 2 hour,0 - 30 minutes,Bad,good,No
Female,60,60,60,Cinema,30 - 60 minute,Morning,Yes,75%,1 - 30 Minute,30 - 60 minutes,Bad,good,No
Male,50,50,50,Cinema,30 - 60 minute,Night,Yes,75%,1 - 30 Minute,30 - 60 minutes,Bad,good,Yes
Male,50,50,50,Reading books,1 - 2 Hour,Anytime,Yes,75%,More than 2 hour,1 - 1.30 hour,Bad,good,Yes
Female,80,60,70,Sports,1 - 2 Hour,Night,Yes,75%,1 - 1.30 hour,30 - 60 minutes,Bad,good,No
Female,90,75,70,Cinema,30 - 60 minute,Night,Yes,50%,30 - 60 Minute,2.30 - 3 hour,Bad,good,No
Female,90,73,80,Video Games,30 - 60 minute,Anytime,Yes,75%,30 - 60 Minute,30 - 60 minutes,Bad,good,No
Male,75,60,80,Cinema,0 - 30 minute,Anytime,Yes,50%,1.30 - 2 hour,2 - 2.30 hour,Awful,good,No
Female,90,90,90,Cinema,0 - 30 minute,Night,Yes,100%,1 - 1.30 hour,0 - 30 minutes,Awful,good,No
Male,78,55,70,Reading books,3 - 4 hour,Anytime,Yes,100%,30 - 60 Minute,30 - 60 minutes,Awful,good,Yes
Male,80,69,60,Sports,30 - 60 minute,Morning,Yes,50%,30 - 60 Minute,1 - 1.30 hour,Awful,good,No
Female,85,74,75,Cinema,0 - 30 minute,Anytime,Yes,75%,More than 2 hour,0 - 30 minutes,Awful,good,No
Male,75,60,80,other,0 - 30 minute,Anytime,Yes,50%,1.30 - 2 hour,2 - 2.30 hour,Awful,good,No
Male,80,69,60,other,30 - 60 minute,Morning,Yes,50%,30 - 60 Minute,1 - 1.30 hour,Awful,good,No
Female,85,74,75,other,0 - 30 minute,Anytime,Yes,75%,More than 2 hour,0 - 30 minutes,Awful,good,No
Female,60,70,70,other,1 - 2 Hour,Morning,Yes,75%,30 - 60 Minute,1 - 1.30 hour,Awful,good,No
Male,95,86,95,other,2 - 3 hour,Morning,Yes,75%,1.30 - 2 hour,1 - 1.30 hour,Awful,good,No
Female,60,70,70,Sports,30 - 60 minute,Anytime,Yes,75%,30 - 60 Minute,2.30 - 3 hour,Awful,good,No
Female,70,71,91,Sports,1 - 2 Hour,Anytime,Yes,75%,30 - 60 Minute,0 - 30 minutes,Good,Fabulous,No
Male,81,80,70,Cinema,30 - 60 minute,Night,Yes,50%,More than 2 hour,0 - 30 minutes,Good,Fabulous,Yes
Female,82,93,82,other,30 - 60 minute,Night,Yes,75%,1 - 30 Minute,2.30 - 3 hour,Good,Fabulous,No
Male,98,90,74,other,1 - 2 Hour,Morning,Yes,50%,More than 2 hour,1.30 - 2 hour,Good,Fabulous,No
Male,50,60,60,Sports,30 - 60 minute,Anytime,Yes,50%,1 - 30 Minute,2.30 - 3 hour,Good,Fabulous,No
Female,70,68,65,Cinema,30 - 60 minute,Anytime,No,0%,1 - 30 Minute,1.30 - 2 hour,Bad,Bad,Yes
Female,82,55,70,other,1 - 2 Hour,Night,Yes,100%,More than 2 hour,0 - 30 minutes,Good,Fabulous,Yes
Female,82,88,72,other,30 - 60 minute,Night,No,50%,1 - 30 Minute,2.30 - 3 hour,Good,Fabulous,No
Male,84,72,90,Sports,1 - 2 Hour,Morning,Yes,75%,More than 2 hour,1.30 - 2 hour,Good,Fabulous,No
Male,50,50,65,Cinema,0 - 30 minute,Night,Yes,25%,1 - 30 Minute,0 - 30 minutes,fabulous,Fabulous,Yes
Male,50,50,65,other,0 - 30 minute,Night,Yes,25%,1 - 30 Minute,0 - 30 minutes,fabulous,Fabulous,Yes
Female,82,73,80,other,30 - 60 minute,Night,Yes,75%,1 - 30 Minute,0 - 30 minutes,fabulous,Fabulous,No
Male,84,87,63,other,1 - 2 Hour,Anytime,Yes,75%,More than 2 hour,0 - 30 minutes,fabulous,Fabulous,No
Male,81,58,95,other,30 - 60 minute,Morning,Yes,100%,More than 2 hour,0 - 30 minutes,fabulous,Fabulous,No
Male,50,70,55,other,1 - 2 Hour,Morning,Yes,75%,30 - 60 Minute,0 - 30 minutes,fabulous,Fabulous,No
Male,98,89,78,other,0 - 30 minute,Night,No,25%,1 - 30 Minute,0 - 30 minutes,fabulous,Fabulous,Yes
Female,90,63,75,Reading books,1 - 2 Hour,Anytime,Yes,100%,More than 2 hour,0 - 30 minutes,fabulous,Fabulous,Yes
Male,88,58,50,Sports,30 - 60 minute,Night,Yes,75%,1 - 1.30 hour,2 - 2.30 hour,Bad,Fabulous,No
Male,90,82,89,Reading books,30 - 60 minute,Night,Yes,75%,1 - 30 Minute,2 - 2.30 hour,Bad,Fabulous,No
Male,75,70,60,Video Games,1 - 2 Hour,Morning,Yes,75%,1 - 1.30 hour,0 - 30 minutes,Good,Bad,No
Male,54,48,60,Video Games,30 - 60 minute,Anytime,Yes,75%,1 - 1.30 hour,more than 3 hour,Good,Bad,No
Male,65,70,50,Cinema,1 - 2 Hour,Morning,Yes,50%,1 - 30 Minute,1 - 1.30 hour,Good,Bad,No
Male,90,90,80,Cinema,1 - 2 Hour,Anytime,Yes,50%,0 Minute,1 - 1.30 hour,Good,Bad,No
Female,94,94,80,Reading books,30 - 60 minute,Night,Yes,75%,1 - 1.30 hour,30 - 60 minutes,Good,Bad,No
Male,78,60,75,Sports,30 - 60 minute,Anytime,Yes,100%,30 - 60 Minute,2.30 - 3 hour,Good,Bad,No
Male,79,65,75,Video Games,30 - 60 minute,Morning,Yes,75%,More than 2 hour,30 - 60 minutes,Good,Bad,No
Female,98,80,85,Reading books,1 - 2 Hour,Anytime,Yes,100%,1.30 - 2 hour,more than 3 hour,Good,Bad,No
Female,87,75,89,Cinema,0 - 30 minute,Anytime,No,25%,1 - 30 Minute,1 - 1.30 hour,Good,Bad,No
Female,7.4,79,75,Sports,1 - 2 Hour,Night,Yes,75%,1.30 - 2 hour,30 - 60 minutes,Good,Bad,No
Male,60,60,50,Cinema,30 - 60 minute,Morning,Yes,75%,1 - 1.30 hour,1 - 1.30 hour,Good,Bad,No
Male,79.4,61.33,80.87,Sports,1 - 2 Hour,Anytime,Yes,75%,1.30 - 2 hour,1 - 1.30 hour,Good,Bad,No
Male,80,60,70,Video Games,0 - 30 minute,Anytime,Yes,50%,1 - 30 Minute,0 - 30 minutes,Good,Bad,No
Male,90,57,68,Reading books,1 - 2 Hour,Anytime,Yes,100%,0 Minute,30 - 60 minutes,Good,Bad,No
Male,84,63,70,Sports,0 - 30 minute,Morning,Yes,50%,More than 2 hour,more than 3 hour,Good,Bad,No
Male,86,68,70,Sports,30 - 60 minute,Anytime,Yes,100%,1 - 1.30 hour,1 - 1.30 hour,Good,Bad,Yes
Male,85,72,70,Sports,1 - 2 Hour,Anytime,No,50%,1.30 - 2 hour,1 - 1.30 hour,Good,Bad,Yes
Male,60,68.1,70,Sports,30 - 60 minute,Morning,Yes,75%,1 - 1.30 hour,30 - 60 minutes,Good,Bad,Yes
Male,90,65,65,Sports,0 - 30 minute,Anytime,Yes,75%,1 - 30 Minute,1 - 1.30 hour,Good,Bad,No
Male,91,81,75,Reading books,30 - 60 minute,Anytime,Yes,75%,30 - 60 Minute,1.30 - 2 hour,Good,Bad,No
Male,82,55,75,Cinema,30 - 60 minute,Anytime,Yes,50%,30 - 60 Minute,30 - 60 minutes,Good,Bad,No
Male,86,72,80,Reading books,More Than 4 hour,Morning,No,75%,30 - 60 Minute,1 - 1.30 hour,Good,Bad,No
Male,90,70,50,other,30 - 60 minute,Morning,No,25%,1 - 30 Minute,more than 3 hour,Good,Bad,Yes
Female,71.2,79.5,70,Cinema,30 - 60 minute,Anytime,Yes,50%,30 - 60 Minute,1 - 1.30 hour,Good,Bad,No
Female,80.2,70,12,Reading books,More Than 4 hour,Morning,No,50%,30 - 60 Minute,1 - 1.30 hour,Good,Bad,No
Male,90.2,72.8,85,other,1 - 2 Hour,Morning,Yes,75%,1 - 1.30 hour,1 - 1.30 hour,Good,Bad,No
Female,86,68,80,Video Games,2 - 3 hour,Anytime,Yes,75%,30 - 60 Minute,0 - 30 minutes,Good,Bad,No
Female,80,73,80,Cinema,0 - 30 minute,Anytime,Yes,75%,1 - 30 Minute,30 - 60 minutes,Good,Bad,Yes
Male,50,50,35,Sports,3 - 4 hour,Morning,Yes,75%,More than 2 hour,1 - 1.30 hour,Good,Bad,No
Male,82,78,80,Reading books,1 - 2 Hour,Anytime,Yes,100%,1 - 30 Minute,1.30 - 2 hour,Good,Bad,Yes
Male,84,85,80,Cinema,30 - 60 minute,Anytime,Yes,100%,30 - 60 Minute,more than 3 hour,Good,Bad,No
Male,70,60,60,Sports,2 - 3 hour,Morning,Yes,50%,1 - 30 Minute,30 - 60 minutes,Good,Bad,Yes
Female,93,86,85,Cinema,30 - 60 minute,Morning,Yes,50%,More than 2 hour,30 - 60 minutes,Good,Bad,No
Male,60,79,60,Cinema,30 - 60 minute,Morning,No,0%,More than 2 hour,1.30 - 2 hour,Bad,Bad,No
Male,83.7,76.77,80,Sports,30 - 60 minute,Night,Yes,75%,1 - 1.30 hour,1 - 1.30 hour,Good,Bad,No
Female,76,76,92.8,Sports,3 - 4 hour,Anytime,Yes,100%,1 - 1.30 hour,30 - 60 minutes,Good,Bad,No
Female,80,75,70,Cinema,1 - 2 Hour,Morning,Yes,50%,1 - 1.30 hour,0 - 30 minutes,Good,Bad,No
Female,60,70,65,Sports,0 - 30 minute,Night,Yes,25%,30 - 60 Minute,1 - 1.30 hour,Good,Bad,No
Male,76,83,70,Cinema,30 - 60 minute,Morning,Yes,50%,More than 2 hour,30 - 60 minutes,Good,Bad,No
Male,55,50,60,Sports,0 - 30 minute,Morning,Yes,50%,1 - 30 Minute,1 - 1.30 hour,Good,Bad,No
Male,85,75,70,Sports,More Than 4 hour,Anytime,Yes,75%,1 - 1.30 hour,2 - 2.30 hour,Good,Bad,Yes
Male,85,80,60,Sports,30 - 60 minute,Night,Yes,75%,1 - 1.30 hour,0 - 30 minutes,Good,Bad,No
Female,60,70,70,Sports,1 - 2 Hour,Anytime,Yes,75%,1 - 1.30 hour,0 - 30 minutes,Good,Bad,No
Female,93.8,83.5,100,Video Games,2 - 3 hour,Morning,Yes,75%,30 - 60 Minute,1 - 1.30 hour,Good,Bad,No
Male,85,80,80,Video Games,More Than 4 hour,Anytime,Yes,75%,1 - 30 Minute,more than 3 hour,Good,Bad,No
Female,97,80,100,other,1 - 2 Hour,Night,Yes,75%,30 - 60 Minute,1 - 1.30 hour,Good,Bad,No
Male,80,89,95,other,1 - 2 Hour,Night,Yes,75%,30 - 60 Minute,1 - 1.30 hour,Good,Bad,No
Female,55,57,60,other,30 - 60 minute,Night,Yes,100%,1 - 1.30 hour,1 - 1.30 hour,Good,Bad,No
Male,90,75,70,other,1 - 2 Hour,Anytime,Yes,75%,30 - 60 Minute,0 - 30 minutes,Good,Bad,No
Female,85,85,90,other,1 - 2 Hour,Night,Yes,50%,1 - 30 Minute,30 - 60 minutes,Good,Bad,No
Male,65,75,70,other,3 - 4 hour,Anytime,Yes,75%,More than 2 hour,1 - 1.30 hour,Good,Bad,Yes
Male,87,84,92,Sports,30 - 60 minute,Morning,Yes,75%,1 - 1.30 hour,30 - 60 minutes,fabulous,Bad,No
Female,82,70,80,Reading books,2 - 3 hour,Morning,Yes,100%,1 - 30 Minute,0 - 30 minutes,fabulous,Bad,Yes
Male,75,90,85,Sports,More Than 4 hour,Anytime,Yes,100%,30 - 60 Minute,1.30 - 2 hour,fabulous,Bad,No
Male,82,73,80,Cinema,0 - 30 minute,Anytime,Yes,50%,1.30 - 2 hour,0 - 30 minutes,fabulous,Bad,No
Male,75,90,85,other,More Than 4 hour,Anytime,Yes,100%,30 - 60 Minute,1.30 - 2 hour,fabulous,Bad,No
Male,82,73,80,other,0 - 30 minute,Anytime,Yes,50%,1.30 - 2 hour,0 - 30 minutes,fabulous,Bad,No
Female,85,80,60,other,30 - 60 minute,Anytime,Yes,75%,30 - 60 Minute,1.30 - 2 hour,fabulous,Bad,Yes
Female,69,59,70,other,1 - 2 Hour,Morning,No,75%,1 - 1.30 hour,0 - 30 minutes,fabulous,Bad,No
Male,79,65,80,Video Games,0 - 30 minute,Morning,No,50%,1.30 - 2 hour,30 - 60 minutes,Bad,Bad,No
Female,70,80,70,Cinema,30 - 60 minute,Morning,Yes,75%,1 - 1.30 hour,0 - 30 minutes,Bad,Bad,No
Male,88.2,67.5,60,Video Games,0 - 30 minute,Morning,Yes,75%,1.30 - 2 hour,1 - 1.30 hour,Bad,Bad,No
Female,60,55,65,Cinema,2 - 3 hour,Night,Yes,75%,1 - 1.30 hour,2 - 2.30 hour,Bad,Bad,No
Male,62,61.3,53,Cinema,0 - 30 minute,Night,Yes,100%,1 - 1.30 hour,1 - 1.30 hour,Bad,Bad,No
Male,60,65,60,Cinema,0 - 30 minute,Anytime,Yes,100%,1 - 30 Minute,1 - 1.30 hour,Bad,Bad,No
Male,65,65,50,Sports,30 - 60 minute,Anytime,Yes,75%,30 - 60 Minute,1 - 1.30 hour,Bad,Bad,Yes
Male,70,60,60,Sports,0 - 30 minute,Morning,Yes,50%,1 - 1.30 hour,1.30 - 2 hour,Bad,Bad,No
Male,77,87,60,Video Games,30 - 60 minute,Anytime,No,25%,30 - 60 Minute,1 - 1.30 hour,Bad,Bad,No
Female,85,88,89,Sports,1 - 2 Hour,Anytime,Yes,100%,0 Minute,1 - 1.30 hour,Bad,Bad,No
Male,90,80,95,Sports,3 - 4 hour,Anytime,Yes,75%,1 - 1.30 hour,30 - 60 minutes,Bad,Bad,Yes
Male,90,62,79,Reading books,30 - 60 minute,Night,Yes,75%,30 - 60 Minute,30 - 60 minutes,Bad,Bad,No
Male,91,60,60,Sports,30 - 60 minute,Anytime,Yes,25%,1.30 - 2 hour,0 - 30 minutes,Bad,Bad,Yes
Female,75,50,78,Sports,0 - 30 minute,Night,Yes,50%,1 - 1.30 hour,0 - 30 minutes,Bad,Bad,No
Male,90,64,80,Reading books,30 - 60 minute,Anytime,Yes,75%,1 - 30 Minute,1 - 1.30 hour,Bad,Bad,No
Male,90,74,74,Cinema,30 - 60 minute,Anytime,Yes,75%,30 - 60 Minute,0 - 30 minutes,Bad,Bad,No
Male,85,64,80,Cinema,0 - 30 minute,Morning,No,75%,1 - 30 Minute,30 - 60 minutes,Bad,Bad,No
Male,85,50,70,Video Games,30 - 60 minute,Anytime,Yes,75%,1.30 - 2 hour,0 - 30 minutes,Bad,Bad,No
Female,85,63,74,Sports,30 - 60 minute,Night,Yes,75%,More than 2 hour,30 - 60 minutes,Bad,Bad,No
Female,64,49.5,85,Reading books,2 - 3 hour,Night,Yes,75%,30 - 60 Minute,30 - 60 minutes,Bad,Bad,No
Male,85,91,88,Video Games,30 - 60 minute,Morning,Yes,25%,30 - 60 Minute,2 - 2.30 hour,Bad,Bad,No
Female,70,50,60,Cinema,1 - 2 Hour,Night,Yes,50%,1 - 1.30 hour,30 - 60 minutes,Bad,Bad,No
Female,60,60,60,Cinema,30 - 60 minute,Morning,Yes,75%,1 - 30 Minute,30 - 60 minutes,Bad,Bad,No
Male,60,77,50,Video Games,30 - 60 minute,Night,Yes,50%,30 - 60 Minute,30 - 60 minutes,Bad,Bad,Yes
Male,46,48,60,Sports,1 - 2 Hour,Anytime,Yes,50%,1 - 30 Minute,1 - 1.30 hour,Bad,Bad,No
Male,70,60,50,Sports,30 - 60 minute,Morning,Yes,75%,1 - 30 Minute,more than 3 hour,Bad,Bad,No
Male,60,52,60,Video Games,1 - 2 Hour,Night,Yes,50%,30 - 60 Minute,1 - 1.30 hour,Bad,Bad,No
Male,60,50,55,Sports,1 - 2 Hour,Anytime,Yes,75%,1 - 30 Minute,1.30 - 2 hour,Bad,Bad,No
Male,80,70,70,Cinema,1 - 2 Hour,Anytime,Yes,75%,More than 2 hour,30 - 60 minutes,Bad,Bad,Yes
Male,89,79,70,Sports,30 - 60 minute,Morning,Yes,75%,30 - 60 Minute,30 - 60 minutes,Bad,Bad,No
Male,84,76,70,Video Games,30 - 60 minute,Anytime,Yes,75%,More than 2 hour,1 - 1.30 hour,Bad,Bad,Yes
Male,90,73,80,Cinema,30 - 60 minute,Morning,Yes,100%,30 - 60 Minute,more than 3 hour,Bad,Bad,No
Male,72,67,65,Video Games,30 - 60 minute,Morning,Yes,50%,More than 2 hour,30 - 60 minutes,Bad,Bad,No
Male,93,85,90,other,30 - 60 minute,Night,No,75%,More than 2 hour,30 - 60 minutes,Bad,Bad,No
Male,72,70,76,other,30 - 60 minute,Morning,Yes,75%,30 - 60 Minute,30 - 60 minutes,Bad,Bad,Yes
Male,80,80,84,other,1 - 2 Hour,Anytime,Yes,50%,30 - 60 Minute,2 - 2.30 hour,Bad,Bad,Yes
Male,69.5,61,55,Cinema,1 - 2 Hour,Anytime,Yes,50%,More than 2 hour,30 - 60 minutes,Awful,Bad,No
Female,89,77,65,Sports,30 - 60 minute,Night,Yes,100%,0 Minute,1 - 1.30 hour,Awful,Bad,Yes
Male,85.6,70,65,Cinema,1 - 2 Hour,Anytime,Yes,75%,1 - 1.30 hour,0 - 30 minutes,Awful,Bad,No
Male,70,70,90,Cinema,More Than 4 hour,Anytime,Yes,100%,More than 2 hour,30 - 60 minutes,Awful,Bad,Yes
Male,80,70,75,Sports,0 - 30 minute,Morning,Yes,75%,1 - 1.30 hour,0 - 30 minutes,Awful,Bad,No
Male,90,80,80,Sports,1 - 2 Hour,Morning,No,25%,1 - 1.30 hour,30 - 60 minutes,Awful,Bad,No
Male,85,80,80,Cinema,30 - 60 minute,Anytime,Yes,100%,1 - 30 Minute,30 - 60 minutes,Awful,Bad,No
Male,55,57,60,Sports,30 - 60 minute,Anytime,Yes,25%,0 Minute,0 - 30 minutes,Awful,Bad,No
Male,69.5,61,55,other,1 - 2 Hour,Anytime,Yes,50%,More than 2 hour,30 - 60 minutes,Awful,Bad,No
Female,89,77,65,other,30 - 60 minute,Night,Yes,100%,0 Minute,1 - 1.30 hour,Awful,Bad,Yes
Male,85.6,70,65,other,1 - 2 Hour,Anytime,Yes,75%,1 - 1.30 hour,0 - 30 minutes,Awful,Bad,No
Male,90,80,80,other,1 - 2 Hour,Morning,No,25%,1 - 1.30 hour,30 - 60 minutes,Awful,Bad,No
Male,85,80,80,other,30 - 60 minute,Anytime,Yes,100%,1 - 30 Minute,30 - 60 minutes,Awful,Bad,No
Male,55,57,60,other,30 - 60 minute,Anytime,Yes,25%,0 Minute,0 - 30 minutes,Awful,Bad,No
Male,87,92,85,other,30 - 60 minute,Night,Yes,75%,More than 2 hour,2.30 - 3 hour,Awful,Bad,No
Male,95,86,95,other,3 - 4 hour,Morning,Yes,50%,More than 2 hour,1.30 - 2 hour,Awful,Bad,No
Female,82,93,82,other,3 - 4 hour,Anytime,Yes,50%,1 - 1.30 hour,30 - 60 minutes,Awful,Bad,No
Male,83,95,82,other,30 - 60 minute,Morning,Yes,75%,30 - 60 Minute,30 - 60 minutes,Awful,Bad,No
Male,93,85,90,other,1 - 2 Hour,Anytime,No,75%,1 - 1.30 hour,30 - 60 minutes,Awful,Bad,No
Female,75,75,65,other,30 - 60 minute,Morning,No,75%,1 - 30 Minute,0 - 30 minutes,Awful,Bad,Yes
Male,50,55,50,Cinema,0 - 30 minute,Anytime,Yes,75%,30 - 60 Minute,1.30 - 2 hour,Good,Awful,No
Male,69,60,50,Sports,0 - 30 minute,Anytime,Yes,75%,1 - 30 Minute,1.30 - 2 hour,Good,Awful,No
Male,81.4,69,75,Cinema,30 - 60 minute,Anytime,No,100%,1.30 - 2 hour,0 - 30 minutes,Good,Awful,Yes
Female,85,90,85,Cinema,30 - 60 minute,Anytime,Yes,100%,1 - 1.30 hour,30 - 60 minutes,Good,Awful,No
Male,80.5,53,80,Sports,2 - 3 hour,Morning,Yes,75%,1 - 1.30 hour,1.30 - 2 hour,Good,Awful,No
Male,75,79,70,Reading books,1 - 2 Hour,Morning,Yes,50%,1 - 30 Minute,0 - 30 minutes,Good,Awful,No
Male,80,62,75,Sports,30 - 60 minute,Night,Yes,75%,30 - 60 Minute,2.30 - 3 hour,fabulous,Awful,No
Male,89,69,80,Sports,30 - 60 minute,Anytime,No,25%,More than 2 hour,30 - 60 minutes,Bad,Awful,Yes
Male,88,88,80,Reading books,1 - 2 Hour,Anytime,No,50%,30 - 60 Minute,1.30 - 2 hour,Bad,Awful,Yes
Female,91,70,80,other,1 - 2 Hour,Anytime,Yes,50%,30 - 60 Minute,30 - 60 minutes,Bad,Awful,No
Male,80,80,84,other,30 - 60 minute,Night,Yes,75%,More than 2 hour,2.30 - 3 hour,Bad,Awful,No
Male,84,90,81,other,2 - 3 hour,Anytime,No,50%,1.30 - 2 hour,0 - 30 minutes,Bad,Awful,No
Male,60,82,65,Video Games,0 - 30 minute,Anytime,Yes,75%,30 - 60 Minute,1.30 - 2 hour,Awful,Awful,No
Male,62,53,80,Sports,1 - 2 Hour,Morning,Yes,75%,30 - 60 Minute,2 - 2.30 hour,Awful,Awful,Yes
Male,88,70,70,Reading books,30 - 60 minute,Anytime,No,50%,30 - 60 Minute,2.30 - 3 hour,Awful,Awful,No
Female,79,61,70,Cinema,1 - 2 Hour,Night,Yes,50%,1.30 - 2 hour,0 - 30 minutes,Awful,Awful,No
Male,76,47,30,Cinema,0 - 30 minute,Morning,Yes,50%,1 - 30 Minute,0 - 30 minutes,Awful,Awful,No
Female,85,74,75,other,0 - 30 minute,Anytime,Yes,75%,More than 2 hour,2.30 - 3 hour,Awful,Awful,No
Female,79,61,70,other,1 - 2 Hour,Night,Yes,50%,1.30 - 2 hour,0 - 30 minutes,Awful,Awful,No
Male,76,47,30,other,0 - 30 minute,Morning,Yes,50%,1 - 30 Minute,0 - 30 minutes,Awful,Awful,No
Female,85,74,75,other,0 - 30 minute,Anytime,Yes,75%,More than 2 hour,2.30 - 3 hour,Awful,Awful,No
Male,72,67,65,other,30 - 60 minute,Morning,Yes,75%,1.30 - 2 hour,0 - 30 minutes,Awful,Awful,No
Male,98,80,74,other,30 - 60 minute,Morning,Yes,75%,0 Minute,0 - 30 minutes,Awful,Awful,No
Male,82,73,80,other,30 - 60 minute,Night,Yes,50%,1 - 30 Minute,0 - 30 minutes,Awful,Awful,No
Male,80,89,95,other,1 - 2 Hour,Night,No,75%,1.30 - 2 hour,0 - 30 minutes,Awful,Awful,No
Male,80,58,69,Sports,0 - 30 minute,Morning,No,0%,1 - 30 Minute,30 - 60 minutes,Bad,good,No
Male,70,65,68,other,30 - 60 minute,Anytime,No,0%,1.30 - 2 hour,1.30 - 2 hour,Bad,Bad,No
Male,70,79,74,other,30 - 60 minute,Morning,No,0%,1 - 1.30 hour,1.30 - 2 hour,Bad,Bad,No
Male,78,68,75,other,0 - 30 minute,Morning,No,0%,More than 2 hour,30 - 60 minutes,Bad,good,No
Male,70,75,65,other,30 - 60 minute,Anytime,No,0%,More than 2 hour,1.30 - 2 hour,Bad,Bad,Yes
Male,60,79,50,other,30 - 60 minute,Morning,No,0%,More than 2 hour,1.30 - 2 hour,Bad,Bad,No
Male,68,58,69,Sports,0 - 30 minute,Morning,No,0%,1.30 - 2 hour,30 - 60 minutes,Bad,good,No
Female,70,75,65,Cinema,30 - 60 minute,Anytime,No,0%,1 - 1.30 hour,1.30 - 2 hour,Bad,Bad,No
Female,40,49,50,Cinema,30 - 60 minute,Morning,No,0%,More than 2 hour,1.30 - 2 hour,Good,Bad,Yes
